<whirlycache>

	<default-cache>default</default-cache>

	<cache name="default">
		<backend>com.whirlycott.cache.impl.ConcurrentHashMapImpl</backend>
		<tuner-sleeptime>30</tuner-sleeptime>
		
		<!-- evicts oldest items when pruning -->
		<!-- <policy>com.whirlycott.cache.policy.FIFOMaintenancePolicy</policy> -->
		<!-- evicts least recently used items when pruning -->
		<!-- <policy>com.whirlycott.cache.policy.LRUMaintenancePolicy</policy> -->
		<!-- evicts least frequently used items when pruning -->
		<policy>com.whirlycott.cache.policy.LFUMaintenancePolicy</policy>
		
		<maxsize>50000</maxsize>
	</cache>

	<!-- 
	<cache name="secondone">
		<backend>com.whirlycott.cache.impl.ConcurrentHashMapImpl</backend>	
		<tuner-sleeptime>10</tuner-sleeptime>
		<policy>com.whirlycott.cache.policy.FIFOMaintenancePolicy</policy>
		<maxsize>100</maxsize>
	</cache>
	
	<cache name="third">
		<backend>com.whirlycott.cache.impl.ConcurrentHashMapImpl</backend>
		<tuner-sleeptime>10</tuner-sleeptime>
		<policy>com.whirlycott.cache.policy.FIFOMaintenancePolicy</policy>
		<maxsize>3000</maxsize>
	</cache>
	 -->	
</whirlycache>