<?xml version="1.0"?>
<quickserver>
	<name>EchoWebServer v 1.2</name>
	<port>8080</port>
	<bind-address>0.0.0.0</bind-address>

	<client-command-handler>
		echowebserver.EchoWSCommandHandler
	</client-command-handler>
	<client-data>echowebserver.EchoWSData</client-data>

	<default-data-mode>
		<data-type-in>Byte</data-type-in>
		<data-type-out>String</data-type-out>
	</default-data-mode>

	<server-mode>
		<blocking>false</blocking>
	</server-mode>

	<max-connection>-1</max-connection>
	<console-logging-level>INFO</console-logging-level>
	<console-logging-formatter>
		org.quickserver.util.logging.SimpleConsoleFormatter
	</console-logging-formatter>

	<communication-logging>
		<enable>true</enable>
	</communication-logging>

	<server-hooks>
		<class-name>echowebserver.PrepareHook</class-name>
	</server-hooks>

	<init-server-hooks>
		<class-name>echowebserver.SetupLoggingHook</class-name>
	</init-server-hooks>

	<!-- Config QSAdminServer -->
	<qsadmin-server>
		<port>9080</port>
		<server-banner>
			QSAdminServer Started on port : 9080
		</server-banner>
		<command-shell>
			<enable>true</enable>
		</command-shell>
		<communication-logging>
			<enable>false</enable>
		</communication-logging>
		<server-mode>
			<blocking>false</blocking>
		</server-mode>
	</qsadmin-server>
	<!-- Config QSAdminServer -->

	<application-jar-path>../dist/echowebserver.jar</application-jar-path>

	<advanced-settings>		
		<charset>ISO-8859-1</charset>
		<use-direct-byte-buffer>true</use-direct-byte-buffer>
		<!--<byte-buffer-size>61440</byte-buffer-size>-->
		<backlog>0</backlog>		
		<socket-linger>-1</socket-linger>
		<debug-non-blocking-mode>false</debug-non-blocking-mode>
	</advanced-settings>
</quickserver>
