<?xml version="1.0" encoding="UTF-8"?>
<!DOCTYPE log4j:configuration SYSTEM "log4j.dtd">

<log4j:configuration xmlns:log4j="http://jakarta.apache.org/log4j/" debug="false">
	<appender name="CONSOLE" class="org.apache.log4j.ConsoleAppender">
		<param name="Target" value="System.out"/>
		<param name="Threshold" value="WARN"/>

		<layout class="org.apache.log4j.PatternLayout">
			<param name="ConversionPattern" value="%d{ABSOLUTE} %-5p (%t) [%c{1}] %m%n"/>
		</layout>
	</appender>

	<category name="com.whirlycott.cache">
		<priority value="WARN"/>
	</category>

	<category name="org.apache">
		<priority value="WARN"/>
	</category>


	<root>
		<level value ="WARN" />
		<appender-ref ref="CONSOLE"/>
	</root>
</log4j:configuration>
