<?xml version="1.0" encoding="UTF-8"?>
<!DOCTYPE log4j:configuration SYSTEM "log4j.dtd">

<log4j:configuration xmlns:log4j="http://jakarta.apache.org/log4j/" debug="false">
	<appender name="FILE_APP" class="org.apache.log4j.RollingFileAppender">
		<param name="Threshold" value="DEBUG"/>
		<param name="File" value="./log/Serverlog4j.log"/>
		<layout class="org.apache.log4j.PatternLayout">
			<param name="ConversionPattern"
			value="%d{MM-dd-yyyy HH:mm:ss,SSS} [%-5p] (%t) %x %5c.%M  - %m \r\n"/>
		</layout>
	</appender>

	<appender name="CONSOLE" class="org.apache.log4j.ConsoleAppender">
		<param name="Target" value="System.out"/>
		<param name="Threshold" value="WARN"/>

		<layout class="org.apache.log4j.PatternLayout">
			<param name="ConversionPattern" value="%d{ABSOLUTE} %-5p (%t) [%c{1}] %m%n"/>
		</layout>
	</appender>


	<category name="com.whirlycott.cache">
		<priority value="DEBUG"/>
	</category>

	<category name="org.apache">
		<priority value="WARN"/>
	</category>

	<root>
		<level value ="DEBUG" />
		<appender-ref ref="CONSOLE"/>
		<appender-ref ref="FILE_APP"/>
	</root>
</log4j:configuration>
