<!DOCTYPE suite SYSTEM "http://testng.org/testng-1.0.dtd">
<suite name="stack-independent"
       parallel="tests"
       thread-count="1" >

    <test name="stack-independent" junit="false" time-out="80000">
        <groups>
            <run>            	
                <include name="stack-independent"/>                
                <exclude name="broken"/>
                <exclude name="known-failures"/>
            </run>
        </groups>
        <packages>
            <package name="org.jgroups.tests.*"/>
            <package name="org.jgroups.blocks.*"/>
            <package name="org.jgroups.protocols.*"/>
        </packages>
    </test>

</suite>
