<beans:beans xmlns="http://www.springframework.org/schema/security"
	xmlns:beans="http://www.springframework.org/schema/beans" xmlns:xsi="http://www.w3.org/2001/XMLSchema-instance"
	xsi:schemaLocation="http://www.springframework.org/schema/beans
	http://www.springframework.org/schema/beans/spring-beans-3.0.xsd
	http://www.springframework.org/schema/security
	http://www.springframework.org/schema/security/spring-security-3.2.xsd">

	<!-- enable use-expressions -->
	<http auto-config="true" use-expressions="true">

		<headers>
			<cache-control />
		</headers>

		<intercept-url pattern="/admin**" access="hasRole('ROLE_ADMIN')" />

		<form-login login-page="/login" 
		    default-target-url="/welcome"
			authentication-failure-url="/login?error" 
			username-parameter="username"
			password-parameter="password" 
			login-processing-url="/auth/login_check" />

		<logout logout-success-url="/login?logout" delete-cookies="JSESSIONID" />
		<csrf />

	</http>

	<!-- Select users and user_roles from database -->
	<authentication-manager>
	    
		<authentication-provider>
		    <password-encoder ref="encoder" />
			<jdbc-user-service data-source-ref="dataSource"
				users-by-username-query="select username,password, enabled from users where username=?"
				authorities-by-username-query="select username, role from user_roles where username =?" />
		</authentication-provider>
		
	</authentication-manager>
 
	<beans:bean id="encoder" class="org.springframework.security.crypto.bcrypt.BCryptPasswordEncoder">
		<beans:constructor-arg name="strength" value="10" />
	</beans:bean>
	
</beans:beans>