

<!-- ************ JGroups Protocol Stack Configuration ************** -->
<!-- generated by XmlConfigurator on Mon Apr 26 11:26:20 PDT 2004 -->
<!-- input file: tunnel.old.xml -->

<config>
    <TUNNEL router_port="12001" router_host="127.0.0.1"/>
    <PING timeout="2000"
            num_initial_members="2"
          gossip_refresh="10000"
          gossip_host="127.0.0.1"
          gossip_port="12001"
          num_ping_requests="1"/>
    <MERGE2 max_interval="20000"
              min_interval="5000"/>    
    <FD timeout="2000" max_tries="3"   shun="true"/>
    <VERIFY_SUSPECT timeout="1500"  />
    <pbcast.NAKACK
                   use_mcast_xmit="false" gc_lag="0"
                   retransmit_timeout="300,600,1200,2400,4800"
                   discard_delivered_msgs="true"/>
    <UNICAST timeout="300,600,1200,2400,3600"/>
    <pbcast.STABLE stability_delay="1000" desired_avg_gossip="5000"
                   max_bytes="400000"/>
    <pbcast.GMS print_local_addr="true" join_timeout="3000"
                shun="false"
                view_bundling="true"
                view_ack_collection_timeout="5000"/>
    <FC max_credits="2000000"
        min_threshold="0.10"/>
    <FRAG2 frag_size="60000"/>    
    <pbcast.STATE_TRANSFER/>
    <pbcast.FLUSH timeout="0"/>
</config>
