<?xml version="1.0" encoding="UTF-8"?>
<project xmlns="http://www.netbeans.org/ns/project/1">
    <type>org.netbeans.modules.ant.freeform</type>
    <configuration>
        <general-data xmlns="http://www.netbeans.org/ns/freeform-project/1">
            <name>QuickCached</name>
        </general-data>
        <general-data xmlns="http://www.netbeans.org/ns/freeform-project/2">
            <!-- Do not use Project Properties customizer when editing this file manually. -->
            <name>QuickCached</name>
            <properties/>
            <folders>
                <source-folder>
                    <label>QuickCached.Project</label>
                    <location>.</location>
                    <encoding>windows-1252</encoding>
                </source-folder>
                <source-folder>
                    <label>Main</label>
                    <type>java</type>
                    <location>src/main</location>
                    <encoding>windows-1252</encoding>
                </source-folder>
                <source-folder>
                    <label>Test</label>
                    <type>java</type>
                    <location>src/test</location>
                    <encoding>windows-1252</encoding>
                </source-folder>
                <source-folder>
                    <label>Client</label>
                    <type>java</type>
                    <location>src/client</location>
                    <encoding>windows-1252</encoding>
                </source-folder>
            </folders>
            <ide-actions>
                <action name="build">
                    <target>all</target>
                </action>
                <action name="clean">
                    <target>clean</target>
                </action>
                <action name="rebuild">
                    <target>clean</target>
                    <target>all</target>
                </action>
                <action name="compile.single">
                    <script>nbproject/ide-file-targets.xml</script>
                    <target>compile-selected-files-in-main</target>
                    <context>
                        <property>files</property>
                        <folder>src/main</folder>
                        <pattern>\.java$</pattern>
                        <format>relative-path</format>
                        <arity>
                            <separated-files>,</separated-files>
                        </arity>
                    </context>
                </action>
                <action name="run.single">
                    <script>nbproject/ide-file-targets.xml</script>
                    <target>run-selected-file-in-main</target>
                    <context>
                        <property>run.class</property>
                        <folder>src/main</folder>
                        <pattern>\.java$</pattern>
                        <format>java-name</format>
                        <arity>
                            <one-file-only/>
                        </arity>
                    </context>
                </action>
                <action name="test">
                    <target>test</target>
                </action>
                <action name="run">
                    <target>run</target>
                </action>
            </ide-actions>
            <export>
                <type>jar</type>
                <location>dist/QuickCached.jar</location>
                <build-target>all</build-target>
            </export>
            <view>
                <items>
                    <source-folder style="packages">
                        <label>Main</label>
                        <location>src/main</location>
                    </source-folder>
                    <source-folder style="packages">
                        <label>Test</label>
                        <location>src/test</location>
                    </source-folder>
                    <source-folder style="packages">
                        <label>Client</label>
                        <location>src/client</location>
                    </source-folder>
                    <source-file>
                        <location>build.xml</location>
                    </source-file>
                </items>
                <context-menu>
                    <ide-action name="build"/>
                    <ide-action name="rebuild"/>
                    <ide-action name="clean"/>
                    <ide-action name="run"/>
                    <ide-action name="test"/>
                    <action>
                        <label>WarmUp</label>
                        <target>warmup</target>
                    </action>
                    <action>
                        <label>AgeTest</label>
                        <target>agetest</target>
                    </action>
                    <action>
                        <label>LoadTest</label>
                        <target>loadtest</target>
                    </action>
                </context-menu>
            </view>
            <subprojects/>
        </general-data>
        <java-data xmlns="http://www.netbeans.org/ns/freeform-project-java/2">
            <compilation-unit>
                <package-root>src/main</package-root>
                <classpath mode="compile">lib/commons-beanutils.jar:lib/commons-collections.jar:lib/commons-digester.jar:lib/commons-logging.jar:lib/commons-pool.jar:lib/QuickServer.jar:lib/log4j.jar:lib/impl/h2/h2-1.3.155.jar:lib/impl/whirlycache/whirlycache-1.0.1.jar:lib/QuickServerClient.jar</classpath>
                <built-to>dist/QuickCached.jar</built-to>
                <source-level>1.5</source-level>
            </compilation-unit>
            <compilation-unit>
                <package-root>src/test</package-root>
                <unit-tests/>
                <classpath mode="compile">dist/QuickCached-Client.jar:libtest/slf4j-api-1.6.1.jar:libtest/xmemcached-1.3.5.jar:libtest/junit-4.9b2.jar:libtest/spymemcached-2.8.4.jar</classpath>
                <source-level>1.5</source-level>
            </compilation-unit>
            <compilation-unit>
                <package-root>src/client</package-root>
                <classpath mode="compile">lib/QuickServerClient.jar;libtest/xmemcached-1.3.5.jar;libtest/junit-4.9b2.jar;libtest/spymemcached-2.8.4.jar</classpath>
                <source-level>1.5</source-level>
            </compilation-unit>
        </java-data>
    </configuration>
</project>
